{
	"partitions" : [
		{
			"name" : "Top",
			"pins" : [
				{
					"name" : "l_out[0]",
					"strict" : false
				},
				{
					"name" : "l_out[1]",
					"strict" : false
				},
				{
					"name" : "l_out[2]",
					"strict" : false
				},
				{
					"name" : "l_out[3]",
					"strict" : false
				},
				{
					"name" : "l_out[4]",
					"strict" : false
				},
				{
					"name" : "l_out[5]",
					"strict" : false
				},
				{
					"name" : "l_out[6]",
					"strict" : false
				},
				{
					"name" : "l_out[7]",
					"strict" : false
				},
				{
					"name" : "s_out",
					"strict" : false
				},
				{
					"name" : "s[5]",
					"strict" : false
				},
				{
					"name" : "s[0]",
					"strict" : false
				},
				{
					"name" : "s[6]",
					"strict" : false
				},
				{
					"name" : "s[1]",
					"strict" : false
				},
				{
					"name" : "s[2]",
					"strict" : false
				},
				{
					"name" : "s[3]",
					"strict" : false
				},
				{
					"name" : "s[4]",
					"strict" : false
				},
				{
					"name" : "s[7]",
					"strict" : false
				},
				{
					"name" : "clk_50",
					"strict" : false
				}
			]
		}
	]
}