{
	"system" : {
		"platform" : "windows64",
		"os_name" : "Windows 10",
		"os_version" : "10.0"
	},
	"error" : {
		"executable" : "quartus",
		"comment" : "not_applicable",
		"error_message" : "Access Violation at 0X000000006E679464",
		"source_file" : "unknown",
		"line" : "0",
		"stack_trace" : "\t 0x6e679463: QtCore4 + 0xf9463 (?parent@QObject@@QEBAPEAV1@XZ + 0x3)\n\t 0x6dc53bce: QtGui4 + 0x73bce (?window@QWidget@@QEBAPEAV1@XZ + 0xe)\n\t 0x6dc77c71: QtGui4 + 0x97c71 (?mapFromGlobal@QWidget@@QEBA?AVQPoint@@AEBV2@@Z + 0x21)\n\t0x7ffde12f963b: GCL_AFCQ + 0xb963b (?drag_scroll_timer@AFCQ_RECT_DRAG_TRACKER_CALLBACK@@AEAAXXZ + 0x2b)\n\t 0x6e69d1f0: QtCore4 + 0x11d1f0 (?activate@QMetaObject@@SAXPEAVQObject@@PEBU1@HPEAPEAX@Z + 0x520)\n\t 0x6e6a0859: QtCore4 + 0x120859 (?event@QObject@@UEAA_NPEAVQEvent@@@Z + 0x69)\n\t 0x6dc02f95: QtGui4 + 0x22f95 (?notify_helper@QApplicationPrivate@@QEAA_NPEAVQObject@@PEAVQEvent@@@Z + 0xf5)\n\t 0x6dc02c2f: QtGui4 + 0x22c2f (?notify@QApplication@@UEAA_NPEAVQObject@@PEAVQEvent@@@Z + 0x17bf)\n\t 0x6e68e67b: QtCore4 + 0x10e67b (?notifyInternal@QCoreApplication@@AEAA_NPEAVQObject@@PEAVQEvent@@@Z + 0x7b)\n\t 0x6e6b4cdd: QtCore4 + 0x134cdd (?registeredTimers@QEventDispatcherWin32@@UEBA?AV?$QList@U?$QPair@HH@@@@PEAVQObject@@@Z + 0x59d)\n\t 0x6e6b40ff: QtCore4 + 0x1340ff (?processEvents@QEventDispatcherWin32@@UEAA_NV?$QFlags@W4ProcessEventsFlag@QEventLoop@@@@@Z + 0xb5f)\n\t0x7ffe33621c4b: USER32 + 0x11c4b (CallWindowProcW + 0x43b)\n\t0x7ffe33620ea5: USER32 + 0x10ea5 (DispatchMessageW + 0x2b5)\n\t 0x6e6b3982: QtCore4 + 0x133982 (?processEvents@QEventDispatcherWin32@@UEAA_NV?$QFlags@W4ProcessEventsFlag@QEventLoop@@@@@Z + 0x3e2)\n\t 0x6dc62074: QtGui4 + 0x82074 (?openPopup@QApplicationPrivate@@QEAAXPEAVQWidget@@@Z + 0x204)\n\t 0x6e68b5db: QtCore4 + 0x10b5db (?exec@QEventLoop@@QEAAHV?$QFlags@W4ProcessEventsFlag@QEventLoop@@@@@Z + 0x22b)\n\t0x7ffde1265f9d: GCL_AFCQ + 0x25f9d (?track@AFCQ_DRAG_TRACKER@@SAXPEAVQWidget@@AEBVQPoint@@PEAVAFCQ_DRAG_TRACKER_CALLBACK@@N@Z + 0xad)\n\t0x7ffde126610a: GCL_AFCQ + 0x2610a (?track_rect@AFCQ_DRAG_TRACKER@@SA?AVQRect@@PEAVQWidget@@AEBVQPoint@@PEAVQScrollArea@@N@Z + 0x4a)\n\t0x7ffd8e9771c0: prj_pplq + 0x771c0 (?do_marquee_selection@PPLQ_VIEW_BASE@@IEAA_NAEBVQPoint@@_N1@Z + 0xc0)\n\t0x7ffd8e9798e4: prj_pplq + 0x798e4 (?do_select@PPLQ_VIEW_BASE@@IEAAXV?$QFlags@W4KeyboardModifier@Qt@@@@W4MouseButton@Qt@@VQPoint@@@Z + 0x1f4)\n\t0x7ffd8e9d5f93: prj_pplq + 0xd5f93 (?mousePressEvent@PPLQ_VIEW_BASE@@MEAAXPEAVQMouseEvent@@@Z + 0x143)\n\t 0x6dc41db0: QtGui4 + 0x61db0 (?event@QWidget@@MEAA_NPEAVQEvent@@@Z + 0xc0)\n\t0x7ffd8e98a668: prj_pplq + 0x8a668 (?event@PPLQ_VIEW_BASE@@MEAA_NPEAVQEvent@@@Z + 0x98)\n\t 0x6dc02f95: QtGui4 + 0x22f95 (?notify_helper@QApplicationPrivate@@QEAA_NPEAVQObject@@PEAVQEvent@@@Z + 0xf5)\n\t 0x6dc01b8e: QtGui4 + 0x21b8e (?notify@QApplication@@UEAA_NPEAVQObject@@PEAVQEvent@@@Z + 0x71e)\n\t 0x6e68e67b: QtCore4 + 0x10e67b (?notifyInternal@QCoreApplication@@AEAA_NPEAVQObject@@PEAVQEvent@@@Z + 0x7b)\n\t 0x6dc05dee: QtGui4 + 0x25dee (?sendMouseEvent@QApplicationPrivate@@SA_NPEAVQWidget@@PEAVQMouseEvent@@00PEAPEAV2@AEAV?$QPointer@VQWidget@@@@_N@Z + 0x1de)\n\t 0x6dc669b0: QtGui4 + 0x869b0 (?trUtf8@QScrollBar@@SA?AVQString@@PEBD0H@Z + 0x1440)\n\t 0x6dc6a361: QtGui4 + 0x8a361 (?winMouseButtonUp@QApplication@@SAXXZ + 0x2761)\n\t0x7ffe33621c4b: USER32 + 0x11c4b (CallWindowProcW + 0x43b)\n\t0x7ffe33620ea5: USER32 + 0x10ea5 (DispatchMessageW + 0x2b5)\n\t 0x6e6b3982: QtCore4 + 0x133982 (?processEvents@QEventDispatcherWin32@@UEAA_NV?$QFlags@W4ProcessEventsFlag@QEventLoop@@@@@Z + 0x3e2)\n\t 0x6dc62074: QtGui4 + 0x82074 (?openPopup@QApplicationPrivate@@QEAAXPEAVQWidget@@@Z + 0x204)\n\t 0x6e68b5db: QtCore4 + 0x10b5db (?exec@QEventLoop@@QEAAHV?$QFlags@W4ProcessEventsFlag@QEventLoop@@@@@Z + 0x22b)\n\t 0x6e68dbbf: QtCore4 + 0x10dbbf (?exec@QCoreApplication@@SAHXZ + 0xdf)\n\t0x7ff7c514198b: quartus + 0x198b (?qgq_main@@YAHHPEAPEBD@Z + 0x8b)\n\t0x7ffe10883258: CCL_MSG + 0x13258 (?msg_main_thread@@YAPEAXPEAX@Z + 0x18)\n\t0x7ffe10884a5e: CCL_MSG + 0x14a5e (?msg_thread_wrapper@@YAPEAXP6APEAXPEAX@Z0@Z + 0x6e)\n\t0x7ffe10996af0: ccl_mem + 0x16af0 (?mem_thread_wrapper@@YAPEAXP6APEAXPEAX@Z0@Z + 0x70)\n\t0x7ffe10882af1: CCL_MSG + 0x12af1 (?msg_exe_main@@YAHHPEAPEBDP6AHH0@Z@Z + 0xa1)\n\t0x7ff7c5142777: quartus + 0x2777 (WinMain + 0x127)\n\t0x7ff7c5141f40: quartus + 0x1f40 (__tmainCRTStartup + 0x148)\n\t0x7ffe32a654df: KERNEL32 + 0x154df (BaseThreadInitThunk + 0xf)\n\t0x7ffe3380485a: ntdll + 0x485a (RtlUserThreadStart + 0x2a)\n",
		"subsystem" : "unknown"
	},
	"quartus" : {
		"quartus_bits" : "64",
		"version" : "20.1.1",
		"build" : "720",
		"edition" : "Lite Edition"
	}
}